{"Record":{"0":0,"1":0,"2":1,"3":1,"4":2,"5":2},"Channel":{"0":0,"1":1,"2":0,"3":1,"4":0,"5":1},"Samples":{"0":[0.0049658958,0.0032442996,0.0046215766,0.005310215,0.0039329381,0.005310215,0.0056545343,0.0049658958,0.005310215,0.0042772573],"1":[0.0041195354,0.0034216606,0.0027237857,0.0023748483,0.0034216606,0.0023748483,0.0027237857,0.0030727232,0.0023748483,0.0023748483],"2":[0.0046215766,0.0049658958,0.0049658958,0.0046215766,0.0046215766,0.0039329381,0.0049658958,0.0035886189,0.0049658958,0.0046215766],"3":[0.0027237857,0.0020259109,0.0034216606,0.003770598,0.0027237857,0.0027237857,0.0020259109,0.003770598,0.0027237857,0.0023748483],"4":[0.0056545343,0.0056545343,0.0046215766,0.0046215766,0.0042772573,0.0046215766,0.0049658958,0.005310215,0.0056545343,0.0039329381],"5":[0.0030727232,0.0041195354,0.0027237857,0.0030727232,0.0030727232,0.0023748483,0.0030727232,0.0016769734,0.0027237857,0.0030727232]}}