{"Record":{"0":0,"1":1,"2":2},"Channel":{"0":0,"1":0,"2":0},"Samples":{"0":[0.4983753562,0.4990639947,0.4997526331,0.5004412716,0.5021628678,0.5018185485,0.5028515062,0.5035401447,0.502507187,0.5042287832],"1":[0.4994083139,0.5004412716,0.5007855908,0.4990639947,0.5011299101,0.5014742293,0.5018185485,0.502507187,0.5035401447,0.502507187],"2":[0.4990639947,0.5011299101,0.4983753562,0.5004412716,0.5014742293,0.5014742293,0.5018185485,0.502507187,0.5038844639,0.5031958255]}}